<?xml version="1.0" encoding="UTF-8"?>
<!DOCTYPE mapper PUBLIC "-//mybatis.org//DTD Mapper 3.0//EN"
        "http://mybatis.org/dtd/mybatis-3-mapper.dtd">

<mapper namespace="cn.shopping.mapper.AdminDao">

    <!-- 查询种类 -->
    <select id="login" resultType="cn.shopping.pojo.Type">
        select * from admin_news where username = #{0} and password = #{1}
    </select>
    <!-- 添加种类-->
    <insert id="insert">
        insert into school_culture(title,introduce,content,add_time) values (#{0},#{1},#{2},#{3})
    </insert>
   <!-- 删除种类-->
    <delete id="delect" parameterType="int">
        delete from school_culture where id=#{id}
    </delete>
    <!--修改种类-->
    <update id="update">
        update school_culture set

                                  title = #{1},

                                  introduce = #{2},

                                  content = #{3},

                                  add_time = #{4}

        where id=#{0}
    </update>

    <!-- 查询商品 -->
    <select id="login" resultType="cn.shopping.pojo.Goods">
        select * from admin_news where username = #{0} and password = #{1}
    </select>

    <!-- 删除商品-->
    <delete id="delect" parameterType="int">
        delete from school_culture where id=#{id}
    </delete>





    <!-- 查询公告 -->
    <select id="login" resultType="cn.shopping.pojo.Type">
        select * from admin_news where username = #{0} and password = #{1}
    </select>
    <!-- 添加公告-->
    <insert id="insert">
        insert into school_culture(title,introduce,content,add_time) values (#{0},#{1},#{2},#{3})
    </insert>
    <!-- 删除公告-->
    <delete id="delect" parameterType="int">
        delete from school_culture where id=#{id}
    </delete>
    <!--修改公告-->
    <update id="update">
        update school_culture set

                                  title = #{1},

                                  introduce = #{2},

                                  content = #{3},

                                  add_time = #{4}

        where id=#{0}
    </update>



</mapper>