<?xml version="1.0" encoding="UTF-8"?>
<!DOCTYPE mapper PUBLIC "-//mybatis.org//DTD Mapper 3.0//EN"
        "http://mybatis.org/dtd/mybatis-3-mapper.dtd">

<mapper namespace="cn.shopping.mapper.PersonalDao">

    <!-- 登录的功能 -->
    <select id="checkLogin" resultType="Integer">
        select * from users where username = #{0} and password = #{1}
    </select>
    <!-- 注册的功能 -->
    <insert id="checkRegister" parameterType="users">
        insert into users(username,password,address,phone,zipCode) values (#{username},#{password},#{address},#{phone},#{zipCode})
    </insert>

    <!-- 查询商品 -->
    <select id="login" resultType="cn.shopping.pojo.Goods">
        select * from admin_news where username = #{0} and password = #{1}
    </select>
    <!-- 添加商品-->
    <insert id="insert">
        insert into school_culture(title,introduce,content,add_time) values (#{0},#{1},#{2},#{3})
    </insert>
    <!-- 删除商品-->
    <delete id="delect" parameterType="int">
        delete from school_culture where id=#{id}
    </delete>
    <!--修改商品-->
    <update id="update">
        update school_culture set

                                  title = #{1},

                                  introduce = #{2},

                                  content = #{3},

                                  add_time = #{4}

        where id=#{0}
    </update>



    <!-- 查询订单信息 -->
    <select id="login" resultType="cn.shopping.pojo.Order">
        select * from admin_news where username = #{0} and password = #{1}
    </select>


</mapper>